batch,users,sim,seed,fixed_blend,tag_sim,old_blend,fixed_ncf,old_ncf,fixed_heldout_ndcg,tag_sim_heldout_ndcg,fixed_cold_blend,cold_today,old_cold_blend,fixed_best_epoch,fixed_epochs_run,fixed_stopped_by,fixed_train_min,old_train_min,blend_minus_tag_sim,blend_minus_old_blend,beats_tag_sim,beats_old_blend,cold_beats_today
A,1000,1,1001,0.714,0.7741,0.6954,0.5117,0.5162,0.7565,0.7814,0.6331,0.6711,0.632,3,8,early-stopping,0.1962,0.2854,-0.0602,0.0185,false,true,false
A,1000,2,1002,0.7522,0.7854,0.7206,0.5369,0.5299,0.7777,0.7857,0.6482,0.6802,0.6417,1,6,early-stopping,0.1421,0.8069,-0.0332,0.0316,false,true,false
A,1000,3,1003,0.7092,0.785,0.7154,0.5395,0.506,0.7429,0.7753,0.6358,0.6684,0.6426,7,12,early-stopping,0.2605,0.7586,-0.0758,-0.0062,false,false,false
A,1000,4,1004,0.7327,0.7779,0.7023,0.5309,0.5263,0.7709,0.7851,0.6007,0.6442,0.612,3,8,early-stopping,0.1732,0.5243,-0.0452,0.0304,false,true,false
A,1000,5,1005,0.7145,0.7903,0.7013,0.5355,0.5277,0.7529,0.7863,0.619,0.6559,0.6308,10,15,early-stopping,0.3453,0.2778,-0.0758,0.0132,false,true,false
A,1000,6,1006,0.7071,0.7803,0.684,0.5245,0.527,0.758,0.7859,0.6377,0.6623,0.6401,6,11,early-stopping,0.2868,0.2425,-0.0732,0.0232,false,true,false
A,1000,7,1007,0.7394,0.786,0.6966,0.5292,0.5117,0.7748,0.7902,0.6234,0.6537,0.6259,2,7,early-stopping,0.183,0.4208,-0.0466,0.0428,false,true,false
A,1000,8,1008,0.7536,0.7861,0.7389,0.5252,0.5302,0.7735,0.7876,0.6492,0.6703,0.639,2,7,early-stopping,0.1664,0.9024,-0.0325,0.0147,false,true,false
A,1000,9,1009,0.7267,0.767,0.701,0.524,0.5264,0.7743,0.7789,0.6229,0.6427,0.6218,2,7,early-stopping,0.1686,0.5884,-0.0402,0.0257,false,true,false
A,1000,10,1010,0.7447,0.7802,0.7159,0.5244,0.5056,0.7841,0.7935,0.6483,0.6867,0.6398,2,7,early-stopping,0.1733,0.1438,-0.0355,0.0288,false,true,false
B,5000,1,1001,0.7757,0.7799,0.7451,0.5836,0.5967,0.7824,0.7837,0.6649,0.6712,0.6558,1,6,early-stopping,0.6366,5.1154,-0.0043,0.0306,false,true,false
B,5000,2,1002,0.7764,0.774,0.7374,0.587,0.559,0.7801,0.7816,0.6735,0.6808,0.6695,1,6,early-stopping,0.6826,2.5964,0.0024,0.0391,true,true,false
B,5000,3,1003,0.7831,0.7884,0.7436,0.5896,0.5622,0.7817,0.7856,0.6734,0.669,0.6546,1,6,early-stopping,0.6435,3.2202,-0.0054,0.0395,false,true,true
B,5000,4,1004,0.786,0.7834,0.7455,0.5773,0.5647,0.7934,0.7873,0.6481,0.6451,0.6337,1,6,early-stopping,0.6281,2.5025,0.0026,0.0405,true,true,true
B,5000,5,1005,0.7596,0.7818,0.7442,0.6209,0.5711,0.773,0.7861,0.65,0.6565,0.6571,25,30,early-stopping,2.9385,2.6328,-0.0223,0.0153,false,true,false
B,5000,6,1006,0.7734,0.7742,0.7292,0.5812,0.5634,0.7881,0.7883,0.675,0.6626,0.6595,1,6,early-stopping,0.6657,2.8539,-0.0008,0.0442,false,true,true
B,5000,7,1007,0.7524,0.7685,0.728,0.5777,0.562,0.7746,0.7797,0.6552,0.6547,0.6467,2,7,early-stopping,0.7416,4.1077,-0.0161,0.0244,false,true,true
B,5000,8,1008,0.7474,0.7814,0.7454,0.5969,0.5672,0.764,0.7886,0.6566,0.6712,0.657,22,27,early-stopping,2.7079,2.6332,-0.034,0.002,false,true,false
B,5000,9,1009,0.7256,0.7655,0.7312,0.5866,0.5647,0.7606,0.7852,0.6401,0.6424,0.6471,9,14,early-stopping,1.3996,2.9928,-0.0399,-0.0056,false,false,false
B,5000,10,1010,0.7401,0.7751,0.7354,0.6004,0.5589,0.7587,0.7841,0.6662,0.6867,0.6734,24,29,early-stopping,2.7964,4.4671,-0.035,0.0047,false,true,false
C,10000,1,1001,0.7913,0.7644,0.7549,0.618,0.607,0.7904,0.7836,0.6777,0.6716,0.6698,1,6,early-stopping,1.2351,11.3197,0.0269,0.0363,true,true,true
C,10000,2,1002,0.7515,0.7789,0.7608,0.6399,0.6014,0.7667,0.7894,0.659,0.6805,0.6698,35,40,early-stopping,7.6138,11.0867,-0.0274,-0.0094,false,false,false
C,10000,3,1003,0.7741,0.7928,0.7582,0.655,0.5655,0.7762,0.791,0.6548,0.6688,0.6596,33,38,early-stopping,7.43,9.8365,-0.0188,0.0158,false,true,false
C,10000,4,1004,0.7456,0.7768,0.7507,0.6245,0.5842,0.7696,0.7885,0.6308,0.6456,0.64,18,23,early-stopping,4.4847,9.237,-0.0312,-0.0052,false,false,false
C,10000,5,1005,0.7568,0.7804,0.7411,0.6445,0.5714,0.7718,0.7859,0.6516,0.6561,0.6481,29,34,early-stopping,6.3854,4.933,-0.0235,0.0157,false,true,false
C,10000,6,1006,0.7892,0.7749,0.7515,0.611,0.5802,0.7898,0.7871,0.6822,0.6629,0.6668,1,6,early-stopping,1.2618,7.2416,0.0143,0.0377,true,true,true
C,10000,7,1007,0.7459,0.766,0.7344,0.636,0.5891,0.7681,0.7793,0.6442,0.6548,0.6568,29,34,early-stopping,6.4452,6.1571,-0.0201,0.0115,false,true,false
C,10000,8,1008,0.7587,0.7784,0.7588,0.6398,0.6162,0.7726,0.7878,0.6614,0.6719,0.6718,22,27,early-stopping,5.1978,8.5698,-0.0197,0,false,false,false
C,10000,9,1009,0.7631,0.7815,0.7602,0.6426,0.6098,0.774,0.7895,0.6394,0.6431,0.6448,33,38,early-stopping,7.3751,10.6136,-0.0184,0.0029,false,true,false
C,10000,10,1010,0.7593,0.7777,0.7537,0.6298,0.564,0.7685,0.7859,0.6728,0.6868,0.6742,17,22,early-stopping,4.2302,7.9984,-0.0184,0.0056,false,true,false