section,item,metric,value,sd,n
batch A (1000 users),random,accuracy,0.5019,0.0064,10
batch A (1000 users),random,ndcg_10,0.0215,0.0028,10
batch A (1000 users),random,map_10,0.0107,0.0021,10
batch A (1000 users),random,recall_10,0.0354,0.0048,10
batch A (1000 users),random,hit_rate_10,0.0924,0.0129,10
batch A (1000 users),random,heldout_ndcg_10,0.6828,0.003,10
batch A (1000 users),popularity,accuracy,0.5607,0.0078,10
batch A (1000 users),popularity,ndcg_10,0.0316,0.0038,10
batch A (1000 users),popularity,map_10,0.0168,0.0026,10
batch A (1000 users),popularity,recall_10,0.054,0.0062,10
batch A (1000 users),popularity,hit_rate_10,0.1196,0.0118,10
batch A (1000 users),popularity,heldout_ndcg_10,0.7007,0.0041,10
batch A (1000 users),tag,accuracy,0.7772,0.0069,10
batch A (1000 users),tag,ndcg_10,0.0676,0.006,10
batch A (1000 users),tag,map_10,0.0395,0.0051,10
batch A (1000 users),tag,recall_10,0.1153,0.009,10
batch A (1000 users),tag,hit_rate_10,0.2145,0.0132,10
batch A (1000 users),tag,heldout_ndcg_10,0.7833,0.0054,10
batch A (1000 users),tag_sim,accuracy,0.7812,0.0069,10
batch A (1000 users),tag_sim,ndcg_10,0.0684,0.0069,10
batch A (1000 users),tag_sim,map_10,0.0397,0.0048,10
batch A (1000 users),tag_sim,recall_10,0.1177,0.0097,10
batch A (1000 users),tag_sim,hit_rate_10,0.2178,0.0171,10
batch A (1000 users),tag_sim,heldout_ndcg_10,0.785,0.0053,10
batch A (1000 users),ncf,accuracy,0.5282,0.0081,10
batch A (1000 users),ncf,ndcg_10,0.0259,0.0039,10
batch A (1000 users),ncf,map_10,0.0136,0.0026,10
batch A (1000 users),ncf,recall_10,0.0419,0.0066,10
batch A (1000 users),ncf,hit_rate_10,0.102,0.0127,10
batch A (1000 users),ncf,heldout_ndcg_10,0.6905,0.0049,10
batch A (1000 users),mapr,accuracy,0.7294,0.0177,10
batch A (1000 users),mapr,ndcg_10,0.0637,0.0061,10
batch A (1000 users),mapr,map_10,0.0367,0.0047,10
batch A (1000 users),mapr,recall_10,0.1064,0.01,10
batch A (1000 users),mapr,hit_rate_10,0.2054,0.0128,10
batch A (1000 users),mapr,heldout_ndcg_10,0.7666,0.0131,10
batch A (1000 users),oracle,accuracy,0.9524,0.0071,10
batch A (1000 users),oracle,ndcg_10,0.1164,0.0059,10
batch A (1000 users),oracle,map_10,0.0703,0.005,10
batch A (1000 users),oracle,recall_10,0.2078,0.0118,10
batch A (1000 users),oracle,hit_rate_10,0.3324,0.0152,10
batch A (1000 users),oracle,heldout_ndcg_10,0.8848,0.0024,10
batch A (1000 users),mapr_w0.6,accuracy,0.7294,0.0177,10
batch A (1000 users),mapr_w0.6,ndcg_10,0.0637,0.0061,10
batch A (1000 users),mapr_w0.6,map_10,0.0367,0.0047,10
batch A (1000 users),mapr_w0.6,recall_10,0.1064,0.01,10
batch A (1000 users),mapr_w0.6,hit_rate_10,0.2054,0.0128,10
batch A (1000 users),mapr_w0.6,heldout_ndcg_10,0.7666,0.0131,10
batch A (1000 users),mapr_signed_w0.6,accuracy,0.7615,0.0153,10
batch A (1000 users),mapr_signed_w0.6,ndcg_10,0.0627,0.0041,10
batch A (1000 users),mapr_signed_w0.6,map_10,0.0355,0.0031,10
batch A (1000 users),mapr_signed_w0.6,recall_10,0.1066,0.0072,10
batch A (1000 users),mapr_signed_w0.6,hit_rate_10,0.2064,0.0087,10
batch A (1000 users),mapr_signed_w0.6,heldout_ndcg_10,0.7752,0.0118,10
batch A (1000 users),mapr_w0.3,accuracy,0.7486,0.0084,10
batch A (1000 users),mapr_w0.3,ndcg_10,0.0692,0.0071,10
batch A (1000 users),mapr_w0.3,map_10,0.0404,0.0052,10
batch A (1000 users),mapr_w0.3,recall_10,0.1179,0.0111,10
batch A (1000 users),mapr_w0.3,hit_rate_10,0.2161,0.0189,10
batch A (1000 users),mapr_w0.3,heldout_ndcg_10,0.7758,0.0068,10
batch A (1000 users),mapr_signed_w0.3,accuracy,0.7803,0.0072,10
batch A (1000 users),mapr_signed_w0.3,ndcg_10,0.0687,0.0062,10
batch A (1000 users),mapr_signed_w0.3,map_10,0.0398,0.0043,10
batch A (1000 users),mapr_signed_w0.3,recall_10,0.1174,0.0105,10
batch A (1000 users),mapr_signed_w0.3,hit_rate_10,0.2167,0.0184,10
batch A (1000 users),mapr_signed_w0.3,heldout_ndcg_10,0.7842,0.0061,10
batch A (1000 users),mapr_w0.2,accuracy,0.7505,0.008,10
batch A (1000 users),mapr_w0.2,ndcg_10,0.0691,0.0079,10
batch A (1000 users),mapr_w0.2,map_10,0.0405,0.0057,10
batch A (1000 users),mapr_w0.2,recall_10,0.1167,0.0129,10
batch A (1000 users),mapr_w0.2,hit_rate_10,0.2164,0.0222,10
batch A (1000 users),mapr_w0.2,heldout_ndcg_10,0.7765,0.0066,10
batch A (1000 users),mapr_signed_w0.2,accuracy,0.7822,0.0069,10
batch A (1000 users),mapr_signed_w0.2,ndcg_10,0.0696,0.0065,10
batch A (1000 users),mapr_signed_w0.2,map_10,0.0408,0.0047,10
batch A (1000 users),mapr_signed_w0.2,recall_10,0.1175,0.01,10
batch A (1000 users),mapr_signed_w0.2,hit_rate_10,0.2179,0.0188,10
batch A (1000 users),mapr_signed_w0.2,heldout_ndcg_10,0.7853,0.0053,10
batch A (1000 users),mapr_w0.1,accuracy,0.7517,0.0079,10
batch A (1000 users),mapr_w0.1,ndcg_10,0.0692,0.0079,10
batch A (1000 users),mapr_w0.1,map_10,0.0406,0.0053,10
batch A (1000 users),mapr_w0.1,recall_10,0.1168,0.0133,10
batch A (1000 users),mapr_w0.1,hit_rate_10,0.217,0.0216,10
batch A (1000 users),mapr_w0.1,heldout_ndcg_10,0.777,0.0061,10
batch A (1000 users),mapr_signed_w0.1,accuracy,0.7827,0.007,10
batch A (1000 users),mapr_signed_w0.1,ndcg_10,0.0704,0.0074,10
batch A (1000 users),mapr_signed_w0.1,map_10,0.0415,0.0052,10
batch A (1000 users),mapr_signed_w0.1,recall_10,0.1187,0.0119,10
batch A (1000 users),mapr_signed_w0.1,hit_rate_10,0.2202,0.0202,10
batch A (1000 users),mapr_signed_w0.1,heldout_ndcg_10,0.7851,0.005,10
"batch A cold start (never-trained users, 5 ratings known)",popularity,accuracy,0.5561,0.0064,10
"batch A cold start (never-trained users, 5 ratings known)",popularity,ndcg_10,0.0473,0.003,10
"batch A cold start (never-trained users, 5 ratings known)",popularity,map_10,0.0201,0.0024,10
"batch A cold start (never-trained users, 5 ratings known)",popularity,recall_10,0.0456,0.0034,10
"batch A cold start (never-trained users, 5 ratings known)",popularity,hit_rate_10,0.2619,0.0098,10
"batch A cold start (never-trained users, 5 ratings known)",popularity,heldout_ndcg_10,0.3265,0.0059,10
"batch A cold start (never-trained users, 5 ratings known)",tag,accuracy,0.6626,0.0141,10
"batch A cold start (never-trained users, 5 ratings known)",tag,ndcg_10,0.0694,0.007,10
"batch A cold start (never-trained users, 5 ratings known)",tag,map_10,0.0326,0.0045,10
"batch A cold start (never-trained users, 5 ratings known)",tag,recall_10,0.0682,0.0059,10
"batch A cold start (never-trained users, 5 ratings known)",tag,hit_rate_10,0.3197,0.0246,10
"batch A cold start (never-trained users, 5 ratings known)",tag,heldout_ndcg_10,0.4023,0.0112,10
"batch A cold start (never-trained users, 5 ratings known)",tag_sim,accuracy,0.6635,0.0145,10
"batch A cold start (never-trained users, 5 ratings known)",tag_sim,ndcg_10,0.0724,0.0078,10
"batch A cold start (never-trained users, 5 ratings known)",tag_sim,map_10,0.0344,0.0049,10
"batch A cold start (never-trained users, 5 ratings known)",tag_sim,recall_10,0.0713,0.0072,10
"batch A cold start (never-trained users, 5 ratings known)",tag_sim,hit_rate_10,0.3243,0.0239,10
"batch A cold start (never-trained users, 5 ratings known)",tag_sim,heldout_ndcg_10,0.4042,0.0117,10
"batch A cold start (never-trained users, 5 ratings known)",ncf,accuracy,0.5226,0.0062,10
"batch A cold start (never-trained users, 5 ratings known)",ncf,ndcg_10,0.0409,0.0027,10
"batch A cold start (never-trained users, 5 ratings known)",ncf,map_10,0.0166,0.0019,10
"batch A cold start (never-trained users, 5 ratings known)",ncf,recall_10,0.0389,0.0026,10
"batch A cold start (never-trained users, 5 ratings known)",ncf,hit_rate_10,0.237,0.0118,10
"batch A cold start (never-trained users, 5 ratings known)",ncf,heldout_ndcg_10,0.3066,0.0074,10
"batch A cold start (never-trained users, 5 ratings known)",mapr,accuracy,0.6318,0.0155,10
"batch A cold start (never-trained users, 5 ratings known)",mapr,ndcg_10,0.0671,0.0071,10
"batch A cold start (never-trained users, 5 ratings known)",mapr,map_10,0.0305,0.0043,10
"batch A cold start (never-trained users, 5 ratings known)",mapr,recall_10,0.0645,0.0079,10
"batch A cold start (never-trained users, 5 ratings known)",mapr,hit_rate_10,0.3206,0.0265,10
"batch A cold start (never-trained users, 5 ratings known)",mapr,heldout_ndcg_10,0.3916,0.0155,10
"batch A cold start (never-trained users, 5 ratings known)",oracle,accuracy,0.9569,0.0079,10
"batch A cold start (never-trained users, 5 ratings known)",oracle,ndcg_10,0.1901,0.0111,10
"batch A cold start (never-trained users, 5 ratings known)",oracle,map_10,0.1083,0.0085,10
"batch A cold start (never-trained users, 5 ratings known)",oracle,recall_10,0.2324,0.0127,10
"batch A cold start (never-trained users, 5 ratings known)",oracle,hit_rate_10,0.6227,0.0256,10
"batch A cold start (never-trained users, 5 ratings known)",oracle,heldout_ndcg_10,0.7884,0.0082,10
"batch A cold start (never-trained users, 5 ratings known)",mapr_w0.6,accuracy,0.6318,0.0155,10
"batch A cold start (never-trained users, 5 ratings known)",mapr_w0.6,ndcg_10,0.0671,0.0071,10
"batch A cold start (never-trained users, 5 ratings known)",mapr_w0.6,map_10,0.0305,0.0043,10
"batch A cold start (never-trained users, 5 ratings known)",mapr_w0.6,recall_10,0.0645,0.0079,10
"batch A cold start (never-trained users, 5 ratings known)",mapr_w0.6,hit_rate_10,0.3206,0.0265,10
"batch A cold start (never-trained users, 5 ratings known)",mapr_w0.6,heldout_ndcg_10,0.3916,0.0155,10
"batch A cold start (never-trained users, 5 ratings known)",mapr_signed_w0.6,accuracy,0.6664,0.0155,10
"batch A cold start (never-trained users, 5 ratings known)",mapr_signed_w0.6,ndcg_10,0.0698,0.0083,10
"batch A cold start (never-trained users, 5 ratings known)",mapr_signed_w0.6,map_10,0.0317,0.0049,10
"batch A cold start (never-trained users, 5 ratings known)",mapr_signed_w0.6,recall_10,0.0679,0.0089,10
"batch A cold start (never-trained users, 5 ratings known)",mapr_signed_w0.6,hit_rate_10,0.3361,0.0277,10
"batch A cold start (never-trained users, 5 ratings known)",mapr_signed_w0.6,heldout_ndcg_10,0.406,0.0147,10
"batch A cold start (never-trained users, 5 ratings known)",mapr_w0.3,accuracy,0.6364,0.0137,10
"batch A cold start (never-trained users, 5 ratings known)",mapr_w0.3,ndcg_10,0.0713,0.0073,10
"batch A cold start (never-trained users, 5 ratings known)",mapr_w0.3,map_10,0.0332,0.0041,10
"batch A cold start (never-trained users, 5 ratings known)",mapr_w0.3,recall_10,0.0702,0.0094,10
"batch A cold start (never-trained users, 5 ratings known)",mapr_w0.3,hit_rate_10,0.3319,0.0314,10
"batch A cold start (never-trained users, 5 ratings known)",mapr_w0.3,heldout_ndcg_10,0.3989,0.0135,10
"batch A cold start (never-trained users, 5 ratings known)",mapr_signed_w0.3,accuracy,0.6696,0.0146,10
"batch A cold start (never-trained users, 5 ratings known)",mapr_signed_w0.3,ndcg_10,0.0737,0.0087,10
"batch A cold start (never-trained users, 5 ratings known)",mapr_signed_w0.3,map_10,0.0345,0.0054,10
"batch A cold start (never-trained users, 5 ratings known)",mapr_signed_w0.3,recall_10,0.0728,0.0098,10
"batch A cold start (never-trained users, 5 ratings known)",mapr_signed_w0.3,hit_rate_10,0.3422,0.0325,10
"batch A cold start (never-trained users, 5 ratings known)",mapr_signed_w0.3,heldout_ndcg_10,0.4107,0.0125,10
"batch A cold start (never-trained users, 5 ratings known)",mapr_w0.2,accuracy,0.6364,0.0137,10
"batch A cold start (never-trained users, 5 ratings known)",mapr_w0.2,ndcg_10,0.0712,0.0077,10
"batch A cold start (never-trained users, 5 ratings known)",mapr_w0.2,map_10,0.0334,0.0043,10
"batch A cold start (never-trained users, 5 ratings known)",mapr_w0.2,recall_10,0.0701,0.0094,10
"batch A cold start (never-trained users, 5 ratings known)",mapr_w0.2,hit_rate_10,0.3304,0.0319,10
"batch A cold start (never-trained users, 5 ratings known)",mapr_w0.2,heldout_ndcg_10,0.3993,0.0132,10
"batch A cold start (never-trained users, 5 ratings known)",mapr_signed_w0.2,accuracy,0.6689,0.0146,10
"batch A cold start (never-trained users, 5 ratings known)",mapr_signed_w0.2,ndcg_10,0.0733,0.0091,10
"batch A cold start (never-trained users, 5 ratings known)",mapr_signed_w0.2,map_10,0.0347,0.0054,10
"batch A cold start (never-trained users, 5 ratings known)",mapr_signed_w0.2,recall_10,0.0715,0.0102,10
"batch A cold start (never-trained users, 5 ratings known)",mapr_signed_w0.2,hit_rate_10,0.3377,0.0346,10
"batch A cold start (never-trained users, 5 ratings known)",mapr_signed_w0.2,heldout_ndcg_10,0.4096,0.0128,10
"batch A cold start (never-trained users, 5 ratings known)",mapr_w0.1,accuracy,0.6362,0.0139,10
"batch A cold start (never-trained users, 5 ratings known)",mapr_w0.1,ndcg_10,0.0714,0.0078,10
"batch A cold start (never-trained users, 5 ratings known)",mapr_w0.1,map_10,0.0335,0.0044,10
"batch A cold start (never-trained users, 5 ratings known)",mapr_w0.1,recall_10,0.0703,0.0088,10
"batch A cold start (never-trained users, 5 ratings known)",mapr_w0.1,hit_rate_10,0.3285,0.0308,10
"batch A cold start (never-trained users, 5 ratings known)",mapr_w0.1,heldout_ndcg_10,0.3995,0.0139,10
"batch A cold start (never-trained users, 5 ratings known)",mapr_signed_w0.1,accuracy,0.6681,0.0149,10
"batch A cold start (never-trained users, 5 ratings known)",mapr_signed_w0.1,ndcg_10,0.0731,0.0092,10
"batch A cold start (never-trained users, 5 ratings known)",mapr_signed_w0.1,map_10,0.0346,0.0053,10
"batch A cold start (never-trained users, 5 ratings known)",mapr_signed_w0.1,recall_10,0.0721,0.0104,10
"batch A cold start (never-trained users, 5 ratings known)",mapr_signed_w0.1,hit_rate_10,0.3339,0.0337,10
"batch A cold start (never-trained users, 5 ratings known)",mapr_signed_w0.1,heldout_ndcg_10,0.4088,0.0131,10
batch A model health,ncf,epochs_run,8.8,2.9,10
batch A model health,ncf,stopped_by,"{""early-stopping"":10}",,
batch A model health,ncf,train_loss_epoch_1,0.6904,0.0005,10
batch A model health,ncf,train_loss_best_epoch,0.5161,0.195,10
batch A model health,ncf,train_minutes,0.21,0.06,10
batch A model health,similarity,matrix_bytes,1430244,17153,10
batch B (5000 users),random,accuracy,0.4991,0.0076,10
batch B (5000 users),random,ndcg_10,0.0207,0.002,10
batch B (5000 users),random,map_10,0.0104,0.0013,10
batch B (5000 users),random,recall_10,0.0339,0.0025,10
batch B (5000 users),random,hit_rate_10,0.0875,0.0061,10
batch B (5000 users),random,heldout_ndcg_10,0.6787,0.004,10
batch B (5000 users),popularity,accuracy,0.6024,0.0028,10
batch B (5000 users),popularity,ndcg_10,0.04,0.0032,10
batch B (5000 users),popularity,map_10,0.0228,0.0021,10
batch B (5000 users),popularity,recall_10,0.0672,0.0058,10
batch B (5000 users),popularity,hit_rate_10,0.1395,0.0118,10
batch B (5000 users),popularity,heldout_ndcg_10,0.7126,0.0037,10
batch B (5000 users),tag,accuracy,0.7728,0.0069,10
batch B (5000 users),tag,ndcg_10,0.071,0.0056,10
batch B (5000 users),tag,map_10,0.0418,0.0048,10
batch B (5000 users),tag,recall_10,0.1206,0.008,10
batch B (5000 users),tag,hit_rate_10,0.2221,0.0108,10
batch B (5000 users),tag,heldout_ndcg_10,0.7837,0.0028,10
batch B (5000 users),tag_sim,accuracy,0.7772,0.0071,10
batch B (5000 users),tag_sim,ndcg_10,0.0715,0.0044,10
batch B (5000 users),tag_sim,map_10,0.0417,0.0032,10
batch B (5000 users),tag_sim,recall_10,0.1224,0.0077,10
batch B (5000 users),tag_sim,hit_rate_10,0.2246,0.0111,10
batch B (5000 users),tag_sim,heldout_ndcg_10,0.785,0.0028,10
batch B (5000 users),ncf,accuracy,0.5901,0.0132,10
batch B (5000 users),ncf,ndcg_10,0.0355,0.0035,10
batch B (5000 users),ncf,map_10,0.0196,0.0028,10
batch B (5000 users),ncf,recall_10,0.0594,0.005,10
batch B (5000 users),ncf,hit_rate_10,0.1292,0.0108,10
batch B (5000 users),ncf,heldout_ndcg_10,0.7074,0.0048,10
batch B (5000 users),mapr,accuracy,0.762,0.0202,10
batch B (5000 users),mapr,ndcg_10,0.0672,0.008,10
batch B (5000 users),mapr,map_10,0.0389,0.0051,10
batch B (5000 users),mapr,recall_10,0.1152,0.015,10
batch B (5000 users),mapr,hit_rate_10,0.2143,0.0226,10
batch B (5000 users),mapr,heldout_ndcg_10,0.7757,0.0117,10
batch B (5000 users),oracle,accuracy,0.954,0.0066,10
batch B (5000 users),oracle,ndcg_10,0.1209,0.0049,10
batch B (5000 users),oracle,map_10,0.075,0.004,10
batch B (5000 users),oracle,recall_10,0.2123,0.0072,10
batch B (5000 users),oracle,hit_rate_10,0.3371,0.0101,10
batch B (5000 users),oracle,heldout_ndcg_10,0.8855,0.0027,10
batch B (5000 users),mapr_w0.6,accuracy,0.762,0.0202,10
batch B (5000 users),mapr_w0.6,ndcg_10,0.0672,0.008,10
batch B (5000 users),mapr_w0.6,map_10,0.0389,0.0051,10
batch B (5000 users),mapr_w0.6,recall_10,0.1152,0.015,10
batch B (5000 users),mapr_w0.6,hit_rate_10,0.2143,0.0226,10
batch B (5000 users),mapr_w0.6,heldout_ndcg_10,0.7757,0.0117,10
batch B (5000 users),mapr_signed_w0.6,accuracy,0.7781,0.0162,10
batch B (5000 users),mapr_signed_w0.6,ndcg_10,0.0661,0.0073,10
batch B (5000 users),mapr_signed_w0.6,map_10,0.0381,0.005,10
batch B (5000 users),mapr_signed_w0.6,recall_10,0.1139,0.0127,10
batch B (5000 users),mapr_signed_w0.6,hit_rate_10,0.2128,0.0201,10
batch B (5000 users),mapr_signed_w0.6,heldout_ndcg_10,0.78,0.0082,10
batch B (5000 users),mapr_w0.3,accuracy,0.7742,0.0102,10
batch B (5000 users),mapr_w0.3,ndcg_10,0.0721,0.0058,10
batch B (5000 users),mapr_w0.3,map_10,0.0421,0.0039,10
batch B (5000 users),mapr_w0.3,recall_10,0.1238,0.0107,10
batch B (5000 users),mapr_w0.3,hit_rate_10,0.2266,0.0175,10
batch B (5000 users),mapr_w0.3,heldout_ndcg_10,0.7836,0.0051,10
batch B (5000 users),mapr_signed_w0.3,accuracy,0.7842,0.0076,10
batch B (5000 users),mapr_signed_w0.3,ndcg_10,0.0713,0.0052,10
batch B (5000 users),mapr_signed_w0.3,map_10,0.0414,0.0037,10
batch B (5000 users),mapr_signed_w0.3,recall_10,0.1232,0.0092,10
batch B (5000 users),mapr_signed_w0.3,hit_rate_10,0.2246,0.0159,10
batch B (5000 users),mapr_signed_w0.3,heldout_ndcg_10,0.7864,0.0033,10
batch B (5000 users),mapr_w0.2,accuracy,0.7744,0.0095,10
batch B (5000 users),mapr_w0.2,ndcg_10,0.0722,0.0059,10
batch B (5000 users),mapr_w0.2,map_10,0.0423,0.0041,10
batch B (5000 users),mapr_w0.2,recall_10,0.1241,0.0104,10
batch B (5000 users),mapr_w0.2,hit_rate_10,0.2267,0.0169,10
batch B (5000 users),mapr_w0.2,heldout_ndcg_10,0.7837,0.0051,10
batch B (5000 users),mapr_signed_w0.2,accuracy,0.7829,0.0068,10
batch B (5000 users),mapr_signed_w0.2,ndcg_10,0.0725,0.0055,10
batch B (5000 users),mapr_signed_w0.2,map_10,0.0423,0.0039,10
batch B (5000 users),mapr_signed_w0.2,recall_10,0.1253,0.0099,10
batch B (5000 users),mapr_signed_w0.2,hit_rate_10,0.2282,0.0168,10
batch B (5000 users),mapr_signed_w0.2,heldout_ndcg_10,0.7866,0.0031,10
batch B (5000 users),mapr_w0.1,accuracy,0.7743,0.009,10
batch B (5000 users),mapr_w0.1,ndcg_10,0.0726,0.0053,10
batch B (5000 users),mapr_w0.1,map_10,0.0428,0.004,10
batch B (5000 users),mapr_w0.1,recall_10,0.1236,0.0094,10
batch B (5000 users),mapr_w0.1,hit_rate_10,0.2275,0.014,10
batch B (5000 users),mapr_w0.1,heldout_ndcg_10,0.7838,0.0046,10
batch B (5000 users),mapr_signed_w0.1,accuracy,0.7815,0.0066,10
batch B (5000 users),mapr_signed_w0.1,ndcg_10,0.0737,0.0051,10
batch B (5000 users),mapr_signed_w0.1,map_10,0.0431,0.0039,10
batch B (5000 users),mapr_signed_w0.1,recall_10,0.1266,0.0085,10
batch B (5000 users),mapr_signed_w0.1,hit_rate_10,0.2318,0.0146,10
batch B (5000 users),mapr_signed_w0.1,heldout_ndcg_10,0.7863,0.0027,10
"batch B cold start (never-trained users, 5 ratings known)",popularity,accuracy,0.5993,0.0053,10
"batch B cold start (never-trained users, 5 ratings known)",popularity,ndcg_10,0.0545,0.0054,10
"batch B cold start (never-trained users, 5 ratings known)",popularity,map_10,0.0237,0.0034,10
"batch B cold start (never-trained users, 5 ratings known)",popularity,recall_10,0.0556,0.006,10
"batch B cold start (never-trained users, 5 ratings known)",popularity,hit_rate_10,0.2947,0.0175,10
"batch B cold start (never-trained users, 5 ratings known)",popularity,heldout_ndcg_10,0.3572,0.0099,10
"batch B cold start (never-trained users, 5 ratings known)",tag,accuracy,0.6626,0.0141,10
"batch B cold start (never-trained users, 5 ratings known)",tag,ndcg_10,0.0694,0.007,10
"batch B cold start (never-trained users, 5 ratings known)",tag,map_10,0.0326,0.0045,10
"batch B cold start (never-trained users, 5 ratings known)",tag,recall_10,0.0682,0.0059,10
"batch B cold start (never-trained users, 5 ratings known)",tag,hit_rate_10,0.3197,0.0246,10
"batch B cold start (never-trained users, 5 ratings known)",tag,heldout_ndcg_10,0.4023,0.0112,10
"batch B cold start (never-trained users, 5 ratings known)",tag_sim,accuracy,0.664,0.0145,10
"batch B cold start (never-trained users, 5 ratings known)",tag_sim,ndcg_10,0.0731,0.0081,10
"batch B cold start (never-trained users, 5 ratings known)",tag_sim,map_10,0.0346,0.0054,10
"batch B cold start (never-trained users, 5 ratings known)",tag_sim,recall_10,0.0715,0.0072,10
"batch B cold start (never-trained users, 5 ratings known)",tag_sim,hit_rate_10,0.3306,0.0226,10
"batch B cold start (never-trained users, 5 ratings known)",tag_sim,heldout_ndcg_10,0.4048,0.012,10
"batch B cold start (never-trained users, 5 ratings known)",ncf,accuracy,0.576,0.0096,10
"batch B cold start (never-trained users, 5 ratings known)",ncf,ndcg_10,0.0516,0.0043,10
"batch B cold start (never-trained users, 5 ratings known)",ncf,map_10,0.0228,0.0032,10
"batch B cold start (never-trained users, 5 ratings known)",ncf,recall_10,0.0507,0.0065,10
"batch B cold start (never-trained users, 5 ratings known)",ncf,hit_rate_10,0.2724,0.017,10
"batch B cold start (never-trained users, 5 ratings known)",ncf,heldout_ndcg_10,0.3349,0.009,10
"batch B cold start (never-trained users, 5 ratings known)",mapr,accuracy,0.6603,0.0121,10
"batch B cold start (never-trained users, 5 ratings known)",mapr,ndcg_10,0.074,0.0075,10
"batch B cold start (never-trained users, 5 ratings known)",mapr,map_10,0.035,0.0044,10
"batch B cold start (never-trained users, 5 ratings known)",mapr,recall_10,0.0729,0.0085,10
"batch B cold start (never-trained users, 5 ratings known)",mapr,hit_rate_10,0.3352,0.0234,10
"batch B cold start (never-trained users, 5 ratings known)",mapr,heldout_ndcg_10,0.4078,0.0119,10
"batch B cold start (never-trained users, 5 ratings known)",oracle,accuracy,0.9569,0.0079,10
"batch B cold start (never-trained users, 5 ratings known)",oracle,ndcg_10,0.1901,0.0111,10
"batch B cold start (never-trained users, 5 ratings known)",oracle,map_10,0.1083,0.0085,10
"batch B cold start (never-trained users, 5 ratings known)",oracle,recall_10,0.2324,0.0127,10
"batch B cold start (never-trained users, 5 ratings known)",oracle,hit_rate_10,0.6227,0.0256,10
"batch B cold start (never-trained users, 5 ratings known)",oracle,heldout_ndcg_10,0.7884,0.0082,10
"batch B cold start (never-trained users, 5 ratings known)",mapr_w0.6,accuracy,0.6603,0.0121,10
"batch B cold start (never-trained users, 5 ratings known)",mapr_w0.6,ndcg_10,0.074,0.0075,10
"batch B cold start (never-trained users, 5 ratings known)",mapr_w0.6,map_10,0.035,0.0044,10
"batch B cold start (never-trained users, 5 ratings known)",mapr_w0.6,recall_10,0.0729,0.0085,10
"batch B cold start (never-trained users, 5 ratings known)",mapr_w0.6,hit_rate_10,0.3352,0.0234,10
"batch B cold start (never-trained users, 5 ratings known)",mapr_w0.6,heldout_ndcg_10,0.4078,0.0119,10
"batch B cold start (never-trained users, 5 ratings known)",mapr_signed_w0.6,accuracy,0.6871,0.0144,10
"batch B cold start (never-trained users, 5 ratings known)",mapr_signed_w0.6,ndcg_10,0.0781,0.0095,10
"batch B cold start (never-trained users, 5 ratings known)",mapr_signed_w0.6,map_10,0.0371,0.0064,10
"batch B cold start (never-trained users, 5 ratings known)",mapr_signed_w0.6,recall_10,0.0786,0.0086,10
"batch B cold start (never-trained users, 5 ratings known)",mapr_signed_w0.6,hit_rate_10,0.3501,0.0213,10
"batch B cold start (never-trained users, 5 ratings known)",mapr_signed_w0.6,heldout_ndcg_10,0.4222,0.0122,10
"batch B cold start (never-trained users, 5 ratings known)",mapr_w0.3,accuracy,0.6592,0.0113,10
"batch B cold start (never-trained users, 5 ratings known)",mapr_w0.3,ndcg_10,0.0759,0.008,10
"batch B cold start (never-trained users, 5 ratings known)",mapr_w0.3,map_10,0.0363,0.0047,10
"batch B cold start (never-trained users, 5 ratings known)",mapr_w0.3,recall_10,0.0748,0.0095,10
"batch B cold start (never-trained users, 5 ratings known)",mapr_w0.3,hit_rate_10,0.3426,0.0206,10
"batch B cold start (never-trained users, 5 ratings known)",mapr_w0.3,heldout_ndcg_10,0.4096,0.0112,10
"batch B cold start (never-trained users, 5 ratings known)",mapr_signed_w0.3,accuracy,0.6826,0.0143,10
"batch B cold start (never-trained users, 5 ratings known)",mapr_signed_w0.3,ndcg_10,0.0779,0.0089,10
"batch B cold start (never-trained users, 5 ratings known)",mapr_signed_w0.3,map_10,0.0374,0.0059,10
"batch B cold start (never-trained users, 5 ratings known)",mapr_signed_w0.3,recall_10,0.0774,0.0088,10
"batch B cold start (never-trained users, 5 ratings known)",mapr_signed_w0.3,hit_rate_10,0.3473,0.0173,10
"batch B cold start (never-trained users, 5 ratings known)",mapr_signed_w0.3,heldout_ndcg_10,0.4203,0.0128,10
"batch B cold start (never-trained users, 5 ratings known)",mapr_w0.2,accuracy,0.6586,0.0112,10
"batch B cold start (never-trained users, 5 ratings known)",mapr_w0.2,ndcg_10,0.0756,0.0081,10
"batch B cold start (never-trained users, 5 ratings known)",mapr_w0.2,map_10,0.0361,0.0047,10
"batch B cold start (never-trained users, 5 ratings known)",mapr_w0.2,recall_10,0.0751,0.0094,10
"batch B cold start (never-trained users, 5 ratings known)",mapr_w0.2,hit_rate_10,0.3431,0.0216,10
"batch B cold start (never-trained users, 5 ratings known)",mapr_w0.2,heldout_ndcg_10,0.4093,0.0115,10
"batch B cold start (never-trained users, 5 ratings known)",mapr_signed_w0.2,accuracy,0.6808,0.0145,10
"batch B cold start (never-trained users, 5 ratings known)",mapr_signed_w0.2,ndcg_10,0.077,0.0089,10
"batch B cold start (never-trained users, 5 ratings known)",mapr_signed_w0.2,map_10,0.0368,0.0058,10
"batch B cold start (never-trained users, 5 ratings known)",mapr_signed_w0.2,recall_10,0.0763,0.0087,10
"batch B cold start (never-trained users, 5 ratings known)",mapr_signed_w0.2,hit_rate_10,0.3487,0.0179,10
"batch B cold start (never-trained users, 5 ratings known)",mapr_signed_w0.2,heldout_ndcg_10,0.4179,0.0138,10
"batch B cold start (never-trained users, 5 ratings known)",mapr_w0.1,accuracy,0.6582,0.0113,10
"batch B cold start (never-trained users, 5 ratings known)",mapr_w0.1,ndcg_10,0.0762,0.008,10
"batch B cold start (never-trained users, 5 ratings known)",mapr_w0.1,map_10,0.0364,0.0046,10
"batch B cold start (never-trained users, 5 ratings known)",mapr_w0.1,recall_10,0.0756,0.0089,10
"batch B cold start (never-trained users, 5 ratings known)",mapr_w0.1,hit_rate_10,0.3445,0.0208,10
"batch B cold start (never-trained users, 5 ratings known)",mapr_w0.1,heldout_ndcg_10,0.4092,0.0116,10
"batch B cold start (never-trained users, 5 ratings known)",mapr_signed_w0.1,accuracy,0.6797,0.0147,10
"batch B cold start (never-trained users, 5 ratings known)",mapr_signed_w0.1,ndcg_10,0.0771,0.009,10
"batch B cold start (never-trained users, 5 ratings known)",mapr_signed_w0.1,map_10,0.0368,0.0057,10
"batch B cold start (never-trained users, 5 ratings known)",mapr_signed_w0.1,recall_10,0.0761,0.0087,10
"batch B cold start (never-trained users, 5 ratings known)",mapr_signed_w0.1,hit_rate_10,0.3482,0.0199,10
"batch B cold start (never-trained users, 5 ratings known)",mapr_signed_w0.1,heldout_ndcg_10,0.4166,0.0135,10
batch B model health,ncf,epochs_run,13.7,10.6,10
batch B model health,ncf,stopped_by,"{""early-stopping"":10}",,
batch B model health,ncf,train_loss_epoch_1,0.6801,0.0012,10
batch B model health,ncf,train_loss_best_epoch,0.4807,0.2505,10
batch B model health,ncf,train_minutes,1.4,1.02,10
batch B model health,similarity,matrix_bytes,1752811,2443,10
batch C (10000 users),random,accuracy,0.5026,0.0046,10
batch C (10000 users),random,ndcg_10,0.0211,0.0018,10
batch C (10000 users),random,map_10,0.0105,0.0015,10
batch C (10000 users),random,recall_10,0.0359,0.0025,10
batch C (10000 users),random,hit_rate_10,0.0881,0.007,10
batch C (10000 users),random,heldout_ndcg_10,0.6814,0.0033,10
batch C (10000 users),popularity,accuracy,0.6185,0.0087,10
batch C (10000 users),popularity,ndcg_10,0.0405,0.0034,10
batch C (10000 users),popularity,map_10,0.023,0.0025,10
batch C (10000 users),popularity,recall_10,0.0682,0.0059,10
batch C (10000 users),popularity,hit_rate_10,0.1403,0.0089,10
batch C (10000 users),popularity,heldout_ndcg_10,0.7199,0.0027,10
batch C (10000 users),tag,accuracy,0.7733,0.008,10
batch C (10000 users),tag,ndcg_10,0.0692,0.0035,10
batch C (10000 users),tag,map_10,0.0408,0.0026,10
batch C (10000 users),tag,recall_10,0.1187,0.0065,10
batch C (10000 users),tag,hit_rate_10,0.2175,0.0101,10
batch C (10000 users),tag,heldout_ndcg_10,0.7853,0.0033,10
batch C (10000 users),tag_sim,accuracy,0.7772,0.008,10
batch C (10000 users),tag_sim,ndcg_10,0.0712,0.0038,10
batch C (10000 users),tag_sim,map_10,0.0426,0.0025,10
batch C (10000 users),tag_sim,recall_10,0.1202,0.0078,10
batch C (10000 users),tag_sim,hit_rate_10,0.2188,0.0103,10
batch C (10000 users),tag_sim,heldout_ndcg_10,0.7868,0.0034,10
batch C (10000 users),ncf,accuracy,0.6341,0.0133,10
batch C (10000 users),ncf,ndcg_10,0.0394,0.0034,10
batch C (10000 users),ncf,map_10,0.0212,0.0023,10
batch C (10000 users),ncf,recall_10,0.0671,0.0061,10
batch C (10000 users),ncf,hit_rate_10,0.1432,0.0115,10
batch C (10000 users),ncf,heldout_ndcg_10,0.7217,0.0045,10
batch C (10000 users),mapr,accuracy,0.7635,0.0163,10
batch C (10000 users),mapr,ndcg_10,0.065,0.004,10
batch C (10000 users),mapr,map_10,0.0382,0.0033,10
batch C (10000 users),mapr,recall_10,0.1085,0.0064,10
batch C (10000 users),mapr,hit_rate_10,0.2073,0.0077,10
batch C (10000 users),mapr,heldout_ndcg_10,0.7748,0.0086,10
batch C (10000 users),oracle,accuracy,0.954,0.0048,10
batch C (10000 users),oracle,ndcg_10,0.1212,0.0055,10
batch C (10000 users),oracle,map_10,0.0759,0.0032,10
batch C (10000 users),oracle,recall_10,0.2114,0.0116,10
batch C (10000 users),oracle,hit_rate_10,0.3324,0.0164,10
batch C (10000 users),oracle,heldout_ndcg_10,0.8852,0.0023,10
batch C (10000 users),mapr_w0.6,accuracy,0.7635,0.0163,10
batch C (10000 users),mapr_w0.6,ndcg_10,0.065,0.004,10
batch C (10000 users),mapr_w0.6,map_10,0.0382,0.0033,10
batch C (10000 users),mapr_w0.6,recall_10,0.1085,0.0064,10
batch C (10000 users),mapr_w0.6,hit_rate_10,0.2073,0.0077,10
batch C (10000 users),mapr_w0.6,heldout_ndcg_10,0.7748,0.0086,10
batch C (10000 users),mapr_signed_w0.6,accuracy,0.7768,0.0115,10
batch C (10000 users),mapr_signed_w0.6,ndcg_10,0.0627,0.0045,10
batch C (10000 users),mapr_signed_w0.6,map_10,0.036,0.0033,10
batch C (10000 users),mapr_signed_w0.6,recall_10,0.1067,0.0073,10
batch C (10000 users),mapr_signed_w0.6,hit_rate_10,0.2042,0.01,10
batch C (10000 users),mapr_signed_w0.6,heldout_ndcg_10,0.7806,0.0061,10
batch C (10000 users),mapr_w0.3,accuracy,0.7804,0.01,10
batch C (10000 users),mapr_w0.3,ndcg_10,0.0709,0.0032,10
batch C (10000 users),mapr_w0.3,map_10,0.0418,0.0021,10
batch C (10000 users),mapr_w0.3,recall_10,0.1203,0.0058,10
batch C (10000 users),mapr_w0.3,hit_rate_10,0.2224,0.008,10
batch C (10000 users),mapr_w0.3,heldout_ndcg_10,0.7863,0.0037,10
batch C (10000 users),mapr_signed_w0.3,accuracy,0.7856,0.0066,10
batch C (10000 users),mapr_signed_w0.3,ndcg_10,0.07,0.0034,10
batch C (10000 users),mapr_signed_w0.3,map_10,0.041,0.0028,10
batch C (10000 users),mapr_signed_w0.3,recall_10,0.1194,0.0066,10
batch C (10000 users),mapr_signed_w0.3,hit_rate_10,0.2202,0.0074,10
batch C (10000 users),mapr_signed_w0.3,heldout_ndcg_10,0.7894,0.0025,10
batch C (10000 users),mapr_w0.2,accuracy,0.7807,0.0095,10
batch C (10000 users),mapr_w0.2,ndcg_10,0.0716,0.0036,10
batch C (10000 users),mapr_w0.2,map_10,0.0426,0.0023,10
batch C (10000 users),mapr_w0.2,recall_10,0.1208,0.0066,10
batch C (10000 users),mapr_w0.2,hit_rate_10,0.223,0.0092,10
batch C (10000 users),mapr_w0.2,heldout_ndcg_10,0.7867,0.0034,10
batch C (10000 users),mapr_signed_w0.2,accuracy,0.7847,0.0071,10
batch C (10000 users),mapr_signed_w0.2,ndcg_10,0.0714,0.0035,10
batch C (10000 users),mapr_signed_w0.2,map_10,0.042,0.0024,10
batch C (10000 users),mapr_signed_w0.2,recall_10,0.1215,0.007,10
batch C (10000 users),mapr_signed_w0.2,hit_rate_10,0.2226,0.009,10
batch C (10000 users),mapr_signed_w0.2,heldout_ndcg_10,0.7894,0.0029,10
batch C (10000 users),mapr_w0.1,accuracy,0.7801,0.0094,10
batch C (10000 users),mapr_w0.1,ndcg_10,0.072,0.004,10
batch C (10000 users),mapr_w0.1,map_10,0.043,0.0025,10
batch C (10000 users),mapr_w0.1,recall_10,0.1213,0.008,10
batch C (10000 users),mapr_w0.1,hit_rate_10,0.2241,0.0101,10
batch C (10000 users),mapr_w0.1,heldout_ndcg_10,0.7869,0.0032,10
batch C (10000 users),mapr_signed_w0.1,accuracy,0.7824,0.0076,10
batch C (10000 users),mapr_signed_w0.1,ndcg_10,0.0725,0.0042,10
batch C (10000 users),mapr_signed_w0.1,map_10,0.043,0.0026,10
batch C (10000 users),mapr_signed_w0.1,recall_10,0.1232,0.0083,10
batch C (10000 users),mapr_signed_w0.1,hit_rate_10,0.2256,0.0109,10
batch C (10000 users),mapr_signed_w0.1,heldout_ndcg_10,0.7887,0.0029,10
"batch C cold start (never-trained users, 5 ratings known)",popularity,accuracy,0.6135,0.0041,10
"batch C cold start (never-trained users, 5 ratings known)",popularity,ndcg_10,0.06,0.0043,10
"batch C cold start (never-trained users, 5 ratings known)",popularity,map_10,0.0268,0.0033,10
"batch C cold start (never-trained users, 5 ratings known)",popularity,recall_10,0.0655,0.0054,10
"batch C cold start (never-trained users, 5 ratings known)",popularity,hit_rate_10,0.3062,0.0169,10
"batch C cold start (never-trained users, 5 ratings known)",popularity,heldout_ndcg_10,0.3699,0.0076,10
"batch C cold start (never-trained users, 5 ratings known)",tag,accuracy,0.6626,0.0141,10
"batch C cold start (never-trained users, 5 ratings known)",tag,ndcg_10,0.0694,0.007,10
"batch C cold start (never-trained users, 5 ratings known)",tag,map_10,0.0326,0.0045,10
"batch C cold start (never-trained users, 5 ratings known)",tag,recall_10,0.0682,0.0059,10
"batch C cold start (never-trained users, 5 ratings known)",tag,hit_rate_10,0.3197,0.0246,10
"batch C cold start (never-trained users, 5 ratings known)",tag,heldout_ndcg_10,0.4023,0.0112,10
"batch C cold start (never-trained users, 5 ratings known)",tag_sim,accuracy,0.6642,0.0144,10
"batch C cold start (never-trained users, 5 ratings known)",tag_sim,ndcg_10,0.0733,0.0076,10
"batch C cold start (never-trained users, 5 ratings known)",tag_sim,map_10,0.0348,0.0052,10
"batch C cold start (never-trained users, 5 ratings known)",tag_sim,recall_10,0.0716,0.0069,10
"batch C cold start (never-trained users, 5 ratings known)",tag_sim,hit_rate_10,0.331,0.0218,10
"batch C cold start (never-trained users, 5 ratings known)",tag_sim,heldout_ndcg_10,0.4047,0.0114,10
"batch C cold start (never-trained users, 5 ratings known)",ncf,accuracy,0.57,0.0174,10
"batch C cold start (never-trained users, 5 ratings known)",ncf,ndcg_10,0.0519,0.0057,10
"batch C cold start (never-trained users, 5 ratings known)",ncf,map_10,0.0225,0.0034,10
"batch C cold start (never-trained users, 5 ratings known)",ncf,recall_10,0.0549,0.0084,10
"batch C cold start (never-trained users, 5 ratings known)",ncf,hit_rate_10,0.278,0.0219,10
"batch C cold start (never-trained users, 5 ratings known)",ncf,heldout_ndcg_10,0.3341,0.0129,10
"batch C cold start (never-trained users, 5 ratings known)",mapr,accuracy,0.6574,0.0168,10
"batch C cold start (never-trained users, 5 ratings known)",mapr,ndcg_10,0.0767,0.0079,10
"batch C cold start (never-trained users, 5 ratings known)",mapr,map_10,0.0368,0.0054,10
"batch C cold start (never-trained users, 5 ratings known)",mapr,recall_10,0.0778,0.0082,10
"batch C cold start (never-trained users, 5 ratings known)",mapr,hit_rate_10,0.3481,0.0228,10
"batch C cold start (never-trained users, 5 ratings known)",mapr,heldout_ndcg_10,0.4116,0.0129,10
"batch C cold start (never-trained users, 5 ratings known)",oracle,accuracy,0.9569,0.0079,10
"batch C cold start (never-trained users, 5 ratings known)",oracle,ndcg_10,0.1901,0.0111,10
"batch C cold start (never-trained users, 5 ratings known)",oracle,map_10,0.1083,0.0085,10
"batch C cold start (never-trained users, 5 ratings known)",oracle,recall_10,0.2324,0.0127,10
"batch C cold start (never-trained users, 5 ratings known)",oracle,hit_rate_10,0.6227,0.0256,10
"batch C cold start (never-trained users, 5 ratings known)",oracle,heldout_ndcg_10,0.7884,0.0082,10
"batch C cold start (never-trained users, 5 ratings known)",mapr_w0.6,accuracy,0.6574,0.0168,10
"batch C cold start (never-trained users, 5 ratings known)",mapr_w0.6,ndcg_10,0.0767,0.0079,10
"batch C cold start (never-trained users, 5 ratings known)",mapr_w0.6,map_10,0.0368,0.0054,10
"batch C cold start (never-trained users, 5 ratings known)",mapr_w0.6,recall_10,0.0778,0.0082,10
"batch C cold start (never-trained users, 5 ratings known)",mapr_w0.6,hit_rate_10,0.3481,0.0228,10
"batch C cold start (never-trained users, 5 ratings known)",mapr_w0.6,heldout_ndcg_10,0.4116,0.0129,10
"batch C cold start (never-trained users, 5 ratings known)",mapr_signed_w0.6,accuracy,0.6849,0.0167,10
"batch C cold start (never-trained users, 5 ratings known)",mapr_signed_w0.6,ndcg_10,0.0812,0.0086,10
"batch C cold start (never-trained users, 5 ratings known)",mapr_signed_w0.6,map_10,0.0392,0.0061,10
"batch C cold start (never-trained users, 5 ratings known)",mapr_signed_w0.6,recall_10,0.0827,0.0068,10
"batch C cold start (never-trained users, 5 ratings known)",mapr_signed_w0.6,hit_rate_10,0.363,0.0148,10
"batch C cold start (never-trained users, 5 ratings known)",mapr_signed_w0.6,heldout_ndcg_10,0.4269,0.0121,10
"batch C cold start (never-trained users, 5 ratings known)",mapr_w0.3,accuracy,0.6555,0.0171,10
"batch C cold start (never-trained users, 5 ratings known)",mapr_w0.3,ndcg_10,0.0764,0.0081,10
"batch C cold start (never-trained users, 5 ratings known)",mapr_w0.3,map_10,0.0367,0.0055,10
"batch C cold start (never-trained users, 5 ratings known)",mapr_w0.3,recall_10,0.0769,0.0087,10
"batch C cold start (never-trained users, 5 ratings known)",mapr_w0.3,hit_rate_10,0.3447,0.0219,10
"batch C cold start (never-trained users, 5 ratings known)",mapr_w0.3,heldout_ndcg_10,0.4085,0.0134,10
"batch C cold start (never-trained users, 5 ratings known)",mapr_signed_w0.3,accuracy,0.6812,0.0167,10
"batch C cold start (never-trained users, 5 ratings known)",mapr_signed_w0.3,ndcg_10,0.0807,0.0074,10
"batch C cold start (never-trained users, 5 ratings known)",mapr_signed_w0.3,map_10,0.0388,0.0049,10
"batch C cold start (never-trained users, 5 ratings known)",mapr_signed_w0.3,recall_10,0.0826,0.0076,10
"batch C cold start (never-trained users, 5 ratings known)",mapr_signed_w0.3,hit_rate_10,0.3607,0.0178,10
"batch C cold start (never-trained users, 5 ratings known)",mapr_signed_w0.3,heldout_ndcg_10,0.4239,0.0137,10
"batch C cold start (never-trained users, 5 ratings known)",mapr_w0.2,accuracy,0.6551,0.0165,10
"batch C cold start (never-trained users, 5 ratings known)",mapr_w0.2,ndcg_10,0.0768,0.0082,10
"batch C cold start (never-trained users, 5 ratings known)",mapr_w0.2,map_10,0.0368,0.0054,10
"batch C cold start (never-trained users, 5 ratings known)",mapr_w0.2,recall_10,0.0775,0.0091,10
"batch C cold start (never-trained users, 5 ratings known)",mapr_w0.2,hit_rate_10,0.3458,0.0214,10
"batch C cold start (never-trained users, 5 ratings known)",mapr_w0.2,heldout_ndcg_10,0.4082,0.0131,10
"batch C cold start (never-trained users, 5 ratings known)",mapr_signed_w0.2,accuracy,0.6791,0.0164,10
"batch C cold start (never-trained users, 5 ratings known)",mapr_signed_w0.2,ndcg_10,0.0794,0.0074,10
"batch C cold start (never-trained users, 5 ratings known)",mapr_signed_w0.2,map_10,0.0381,0.005,10
"batch C cold start (never-trained users, 5 ratings known)",mapr_signed_w0.2,recall_10,0.0808,0.0081,10
"batch C cold start (never-trained users, 5 ratings known)",mapr_signed_w0.2,hit_rate_10,0.3554,0.0188,10
"batch C cold start (never-trained users, 5 ratings known)",mapr_signed_w0.2,heldout_ndcg_10,0.4206,0.0135,10
"batch C cold start (never-trained users, 5 ratings known)",mapr_w0.1,accuracy,0.6547,0.0163,10
"batch C cold start (never-trained users, 5 ratings known)",mapr_w0.1,ndcg_10,0.0767,0.0083,10
"batch C cold start (never-trained users, 5 ratings known)",mapr_w0.1,map_10,0.0367,0.0053,10
"batch C cold start (never-trained users, 5 ratings known)",mapr_w0.1,recall_10,0.0768,0.0087,10
"batch C cold start (never-trained users, 5 ratings known)",mapr_w0.1,hit_rate_10,0.3453,0.0219,10
"batch C cold start (never-trained users, 5 ratings known)",mapr_w0.1,heldout_ndcg_10,0.408,0.0131,10
"batch C cold start (never-trained users, 5 ratings known)",mapr_signed_w0.1,accuracy,0.6774,0.0165,10
"batch C cold start (never-trained users, 5 ratings known)",mapr_signed_w0.1,ndcg_10,0.078,0.0084,10
"batch C cold start (never-trained users, 5 ratings known)",mapr_signed_w0.1,map_10,0.0374,0.0052,10
"batch C cold start (never-trained users, 5 ratings known)",mapr_signed_w0.1,recall_10,0.0779,0.0089,10
"batch C cold start (never-trained users, 5 ratings known)",mapr_signed_w0.1,hit_rate_10,0.3498,0.0244,10
"batch C cold start (never-trained users, 5 ratings known)",mapr_signed_w0.1,heldout_ndcg_10,0.4173,0.0138,10
batch C model health,ncf,epochs_run,26.8,12.6,10
batch C model health,ncf,stopped_by,"{""early-stopping"":10}",,
batch C model health,ncf,train_loss_epoch_1,0.6751,0.0009,10
batch C model health,ncf,train_loss_best_epoch,0.3049,0.1966,10
batch C model health,ncf,train_minutes,5.16,2.36,10
batch C model health,similarity,matrix_bytes,1777948,1260,10
"archetypes (batch C, pooled over simulations)",Nightlife Person,ncf_accuracy,0.762,0.0654,153
"archetypes (batch C, pooled over simulations)",Nightlife Person,mapr_accuracy,0.8799,,153
"archetypes (batch C, pooled over simulations)",Nightlife Person,tag_sim_accuracy,0.8636,,153
"archetypes (batch C, pooled over simulations)",Pub Crawler,ncf_accuracy,0.7521,0.0753,184
"archetypes (batch C, pooled over simulations)",Pub Crawler,mapr_accuracy,0.8566,,184
"archetypes (batch C, pooled over simulations)",Pub Crawler,tag_sim_accuracy,0.8789,,184
"archetypes (batch C, pooled over simulations)",Craft Beer Nerd,ncf_accuracy,0.7104,0.0674,182
"archetypes (batch C, pooled over simulations)",Craft Beer Nerd,mapr_accuracy,0.8138,,182
"archetypes (batch C, pooled over simulations)",Craft Beer Nerd,tag_sim_accuracy,0.8257,,182
"archetypes (batch C, pooled over simulations)",Jazz & Lounge Night,ncf_accuracy,0.707,0.0855,162
"archetypes (batch C, pooled over simulations)",Jazz & Lounge Night,mapr_accuracy,0.7502,,162
"archetypes (batch C, pooled over simulations)",Jazz & Lounge Night,tag_sim_accuracy,0.7082,,162
"archetypes (batch C, pooled over simulations)",Late-Night Eater,ncf_accuracy,0.7023,0.0724,184
"archetypes (batch C, pooled over simulations)",Late-Night Eater,mapr_accuracy,0.8255,,184
"archetypes (batch C, pooled over simulations)",Late-Night Eater,tag_sim_accuracy,0.8355,,184
"archetypes (batch C, pooled over simulations)",Garden & Tea,ncf_accuracy,0.7016,0.0578,182
"archetypes (batch C, pooled over simulations)",Garden & Tea,mapr_accuracy,0.7844,,182
"archetypes (batch C, pooled over simulations)",Garden & Tea,tag_sim_accuracy,0.7474,,182
"archetypes (batch C, pooled over simulations)",Local Life Seeker,ncf_accuracy,0.7015,0.1053,163
"archetypes (batch C, pooled over simulations)",Local Life Seeker,mapr_accuracy,0.8221,,163
"archetypes (batch C, pooled over simulations)",Local Life Seeker,tag_sim_accuracy,0.8443,,163
"archetypes (batch C, pooled over simulations)",Coffee & Books,ncf_accuracy,0.6978,0.0879,182
"archetypes (batch C, pooled over simulations)",Coffee & Books,mapr_accuracy,0.7604,,182
"archetypes (batch C, pooled over simulations)",Coffee & Books,tag_sim_accuracy,0.715,,182
"archetypes (batch C, pooled over simulations)",Wellness Traveler,ncf_accuracy,0.6974,0.0648,200
"archetypes (batch C, pooled over simulations)",Wellness Traveler,mapr_accuracy,0.7712,,200
"archetypes (batch C, pooled over simulations)",Wellness Traveler,tag_sim_accuracy,0.7631,,200
"archetypes (batch C, pooled over simulations)",Coffee Snob,ncf_accuracy,0.6959,0.0574,174
"archetypes (batch C, pooled over simulations)",Coffee Snob,mapr_accuracy,0.7975,,174
"archetypes (batch C, pooled over simulations)",Coffee Snob,tag_sim_accuracy,0.7784,,174
"archetypes (batch C, pooled over simulations)",Neighborhood Wanderer,ncf_accuracy,0.6959,0.0606,185
"archetypes (batch C, pooled over simulations)",Neighborhood Wanderer,mapr_accuracy,0.7945,,185
"archetypes (batch C, pooled over simulations)",Neighborhood Wanderer,tag_sim_accuracy,0.8067,,185
"archetypes (batch C, pooled over simulations)",Seasoned Local,ncf_accuracy,0.6926,0.0847,177
"archetypes (batch C, pooled over simulations)",Seasoned Local,mapr_accuracy,0.8179,,177
"archetypes (batch C, pooled over simulations)",Seasoned Local,tag_sim_accuracy,0.8088,,177
"archetypes (batch C, pooled over simulations)",Bakery Hunter,ncf_accuracy,0.6919,0.0492,169
"archetypes (batch C, pooled over simulations)",Bakery Hunter,mapr_accuracy,0.8179,,169
"archetypes (batch C, pooled over simulations)",Bakery Hunter,tag_sim_accuracy,0.8068,,169
"archetypes (batch C, pooled over simulations)",Weekend Party Group,ncf_accuracy,0.688,0.0449,172
"archetypes (batch C, pooled over simulations)",Weekend Party Group,mapr_accuracy,0.8325,,172
"archetypes (batch C, pooled over simulations)",Weekend Party Group,tag_sim_accuracy,0.8496,,172
"archetypes (batch C, pooled over simulations)",Vintage Hunter,ncf_accuracy,0.685,0.074,167
"archetypes (batch C, pooled over simulations)",Vintage Hunter,mapr_accuracy,0.7903,,167
"archetypes (batch C, pooled over simulations)",Vintage Hunter,tag_sim_accuracy,0.7963,,167
"archetypes (batch C, pooled over simulations)",Royal Palace Visitor,ncf_accuracy,0.6848,0.0606,184
"archetypes (batch C, pooled over simulations)",Royal Palace Visitor,mapr_accuracy,0.8444,,184
"archetypes (batch C, pooled over simulations)",Royal Palace Visitor,tag_sim_accuracy,0.8665,,184
"archetypes (batch C, pooled over simulations)",Brunch Enthusiast,ncf_accuracy,0.6819,0.0402,209
"archetypes (batch C, pooled over simulations)",Brunch Enthusiast,mapr_accuracy,0.7806,,209
"archetypes (batch C, pooled over simulations)",Brunch Enthusiast,tag_sim_accuracy,0.7795,,209
"archetypes (batch C, pooled over simulations)",Cuban Coffee Regular,ncf_accuracy,0.6817,0.0383,184
"archetypes (batch C, pooled over simulations)",Cuban Coffee Regular,mapr_accuracy,0.7619,,184
"archetypes (batch C, pooled over simulations)",Cuban Coffee Regular,tag_sim_accuracy,0.7609,,184
"archetypes (batch C, pooled over simulations)",Fine Dining Collector,ncf_accuracy,0.6797,0.0806,190
"archetypes (batch C, pooled over simulations)",Fine Dining Collector,mapr_accuracy,0.7518,,190
"archetypes (batch C, pooled over simulations)",Fine Dining Collector,tag_sim_accuracy,0.6972,,190
"archetypes (batch C, pooled over simulations)",Beach & Cocktails,ncf_accuracy,0.6751,0.0589,174
"archetypes (batch C, pooled over simulations)",Beach & Cocktails,mapr_accuracy,0.745,,174
"archetypes (batch C, pooled over simulations)",Beach & Cocktails,tag_sim_accuracy,0.6996,,174
"archetypes (batch C, pooled over simulations)",Dive Bar Regular,ncf_accuracy,0.6747,0.0598,175
"archetypes (batch C, pooled over simulations)",Dive Bar Regular,mapr_accuracy,0.797,,175
"archetypes (batch C, pooled over simulations)",Dive Bar Regular,tag_sim_accuracy,0.8299,,175
"archetypes (batch C, pooled over simulations)",Fried Chicken Fan,ncf_accuracy,0.6729,0.1055,196
"archetypes (batch C, pooled over simulations)",Fried Chicken Fan,mapr_accuracy,0.7456,,196
"archetypes (batch C, pooled over simulations)",Fried Chicken Fan,tag_sim_accuracy,0.6738,,196
"archetypes (batch C, pooled over simulations)",Tapas Crawler,ncf_accuracy,0.6714,0.0555,194
"archetypes (batch C, pooled over simulations)",Tapas Crawler,mapr_accuracy,0.7282,,194
"archetypes (batch C, pooled over simulations)",Tapas Crawler,tag_sim_accuracy,0.672,,194
"archetypes (batch C, pooled over simulations)",Shopaholic,ncf_accuracy,0.6686,0.0503,203
"archetypes (batch C, pooled over simulations)",Shopaholic,mapr_accuracy,0.8271,,203
"archetypes (batch C, pooled over simulations)",Shopaholic,tag_sim_accuracy,0.8498,,203
"archetypes (batch C, pooled over simulations)",Business Traveler,ncf_accuracy,0.6673,0.0528,182
"archetypes (batch C, pooled over simulations)",Business Traveler,mapr_accuracy,0.7385,,182
"archetypes (batch C, pooled over simulations)",Business Traveler,tag_sim_accuracy,0.7173,,182
"archetypes (batch C, pooled over simulations)",Market Lover,ncf_accuracy,0.6667,0.0371,181
"archetypes (batch C, pooled over simulations)",Market Lover,mapr_accuracy,0.7679,,181
"archetypes (batch C, pooled over simulations)",Market Lover,tag_sim_accuracy,0.783,,181
"archetypes (batch C, pooled over simulations)",Monument Collector,ncf_accuracy,0.6643,0.0918,200
"archetypes (batch C, pooled over simulations)",Monument Collector,mapr_accuracy,0.8427,,200
"archetypes (batch C, pooled over simulations)",Monument Collector,tag_sim_accuracy,0.8666,,200
"archetypes (batch C, pooled over simulations)",Seafood & Sunsets,ncf_accuracy,0.6627,0.1072,183
"archetypes (batch C, pooled over simulations)",Seafood & Sunsets,mapr_accuracy,0.7348,,183
"archetypes (batch C, pooled over simulations)",Seafood & Sunsets,tag_sim_accuracy,0.6817,,183
"archetypes (batch C, pooled over simulations)",Cocktail Connoisseur,ncf_accuracy,0.6611,0.0894,179
"archetypes (batch C, pooled over simulations)",Cocktail Connoisseur,mapr_accuracy,0.7228,,179
"archetypes (batch C, pooled over simulations)",Cocktail Connoisseur,tag_sim_accuracy,0.6869,,179
"archetypes (batch C, pooled over simulations)",Ramen & Izakaya Fan,ncf_accuracy,0.6608,0.1061,200
"archetypes (batch C, pooled over simulations)",Ramen & Izakaya Fan,mapr_accuracy,0.6922,,200
"archetypes (batch C, pooled over simulations)",Ramen & Izakaya Fan,tag_sim_accuracy,0.6247,,200
"archetypes (batch C, pooled over simulations)",History & Pubs,ncf_accuracy,0.6606,0.0682,173
"archetypes (batch C, pooled over simulations)",History & Pubs,mapr_accuracy,0.8066,,173
"archetypes (batch C, pooled over simulations)",History & Pubs,tag_sim_accuracy,0.8252,,173
"archetypes (batch C, pooled over simulations)",Solo Wanderer,ncf_accuracy,0.6559,0.0763,173
"archetypes (batch C, pooled over simulations)",Solo Wanderer,mapr_accuracy,0.7753,,173
"archetypes (batch C, pooled over simulations)",Solo Wanderer,tag_sim_accuracy,0.8066,,173
"archetypes (batch C, pooled over simulations)",Pizza & Beer Night,ncf_accuracy,0.6542,0.0521,195
"archetypes (batch C, pooled over simulations)",Pizza & Beer Night,mapr_accuracy,0.7319,,195
"archetypes (batch C, pooled over simulations)",Pizza & Beer Night,tag_sim_accuracy,0.7114,,195
"archetypes (batch C, pooled over simulations)",French Bistro Lover,ncf_accuracy,0.6539,0.074,170
"archetypes (batch C, pooled over simulations)",French Bistro Lover,mapr_accuracy,0.7311,,170
"archetypes (batch C, pooled over simulations)",French Bistro Lover,tag_sim_accuracy,0.6797,,170
"archetypes (batch C, pooled over simulations)",Religious Heritage Traveler,ncf_accuracy,0.6531,0.0722,193
"archetypes (batch C, pooled over simulations)",Religious Heritage Traveler,mapr_accuracy,0.8706,,193
"archetypes (batch C, pooled over simulations)",Religious Heritage Traveler,tag_sim_accuracy,0.9151,,193
"archetypes (batch C, pooled over simulations)",Cheesesteak Purist,ncf_accuracy,0.6522,0.0906,168
"archetypes (batch C, pooled over simulations)",Cheesesteak Purist,mapr_accuracy,0.7343,,168
"archetypes (batch C, pooled over simulations)",Cheesesteak Purist,tag_sim_accuracy,0.6827,,168
"archetypes (batch C, pooled over simulations)",Live Music Junkie,ncf_accuracy,0.6504,0.0384,188
"archetypes (batch C, pooled over simulations)",Live Music Junkie,mapr_accuracy,0.7985,,188
"archetypes (batch C, pooled over simulations)",Live Music Junkie,tag_sim_accuracy,0.8348,,188
"archetypes (batch C, pooled over simulations)",Street Art Hunter,ncf_accuracy,0.6496,0.0656,169
"archetypes (batch C, pooled over simulations)",Street Art Hunter,mapr_accuracy,0.7182,,169
"archetypes (batch C, pooled over simulations)",Street Art Hunter,tag_sim_accuracy,0.7372,,169
"archetypes (batch C, pooled over simulations)",Retiree,ncf_accuracy,0.6489,0.0556,195
"archetypes (batch C, pooled over simulations)",Retiree,mapr_accuracy,0.8533,,195
"archetypes (batch C, pooled over simulations)",Retiree,tag_sim_accuracy,0.8885,,195
"archetypes (batch C, pooled over simulations)",First-Time Visitor,ncf_accuracy,0.6466,0.068,193
"archetypes (batch C, pooled over simulations)",First-Time Visitor,mapr_accuracy,0.7953,,193
"archetypes (batch C, pooled over simulations)",First-Time Visitor,tag_sim_accuracy,0.8352,,193
"archetypes (batch C, pooled over simulations)",Food Hall Grazer,ncf_accuracy,0.6456,0.0736,182
"archetypes (batch C, pooled over simulations)",Food Hall Grazer,mapr_accuracy,0.7131,,182
"archetypes (batch C, pooled over simulations)",Food Hall Grazer,tag_sim_accuracy,0.6698,,182
"archetypes (batch C, pooled over simulations)",Wine Lover,ncf_accuracy,0.645,0.0949,154
"archetypes (batch C, pooled over simulations)",Wine Lover,mapr_accuracy,0.7521,,154
"archetypes (batch C, pooled over simulations)",Wine Lover,tag_sim_accuracy,0.7131,,154
"archetypes (batch C, pooled over simulations)",Art & Wine,ncf_accuracy,0.644,0.0854,197
"archetypes (batch C, pooled over simulations)",Art & Wine,mapr_accuracy,0.7132,,197
"archetypes (batch C, pooled over simulations)",Art & Wine,tag_sim_accuracy,0.7325,,197
"archetypes (batch C, pooled over simulations)",BBQ Pilgrim,ncf_accuracy,0.6434,0.0964,173
"archetypes (batch C, pooled over simulations)",BBQ Pilgrim,mapr_accuracy,0.702,,173
"archetypes (batch C, pooled over simulations)",BBQ Pilgrim,tag_sim_accuracy,0.6838,,173
"archetypes (batch C, pooled over simulations)",Ice Cream Chaser,ncf_accuracy,0.6423,0.0817,177
"archetypes (batch C, pooled over simulations)",Ice Cream Chaser,mapr_accuracy,0.7213,,177
"archetypes (batch C, pooled over simulations)",Ice Cream Chaser,tag_sim_accuracy,0.7206,,177
"archetypes (batch C, pooled over simulations)",Honeymooners,ncf_accuracy,0.6415,0.0728,170
"archetypes (batch C, pooled over simulations)",Honeymooners,mapr_accuracy,0.7122,,170
"archetypes (batch C, pooled over simulations)",Honeymooners,tag_sim_accuracy,0.697,,170
"archetypes (batch C, pooled over simulations)",Picnic Planner,ncf_accuracy,0.6385,0.0415,168
"archetypes (batch C, pooled over simulations)",Picnic Planner,mapr_accuracy,0.8334,,168
"archetypes (batch C, pooled over simulations)",Picnic Planner,tag_sim_accuracy,0.8324,,168
"archetypes (batch C, pooled over simulations)",Literary Tourist,ncf_accuracy,0.6373,0.0375,213
"archetypes (batch C, pooled over simulations)",Literary Tourist,mapr_accuracy,0.8149,,213
"archetypes (batch C, pooled over simulations)",Literary Tourist,tag_sim_accuracy,0.8512,,213
"archetypes (batch C, pooled over simulations)",Vegan Foodie,ncf_accuracy,0.6372,0.066,187
"archetypes (batch C, pooled over simulations)",Vegan Foodie,mapr_accuracy,0.7075,,187
"archetypes (batch C, pooled over simulations)",Vegan Foodie,tag_sim_accuracy,0.7581,,187
"archetypes (batch C, pooled over simulations)",Outdoor Enthusiast,ncf_accuracy,0.6362,0.0626,189
"archetypes (batch C, pooled over simulations)",Outdoor Enthusiast,mapr_accuracy,0.8734,,189
"archetypes (batch C, pooled over simulations)",Outdoor Enthusiast,tag_sim_accuracy,0.925,,189
"archetypes (batch C, pooled over simulations)",History Buff,ncf_accuracy,0.6347,0.115,165
"archetypes (batch C, pooled over simulations)",History Buff,mapr_accuracy,0.8707,,165
"archetypes (batch C, pooled over simulations)",History Buff,tag_sim_accuracy,0.8871,,165
"archetypes (batch C, pooled over simulations)",Digital Nomad,ncf_accuracy,0.6344,0.0601,194
"archetypes (batch C, pooled over simulations)",Digital Nomad,mapr_accuracy,0.7198,,194
"archetypes (batch C, pooled over simulations)",Digital Nomad,tag_sim_accuracy,0.7521,,194
"archetypes (batch C, pooled over simulations)",Bakery & Bookshop Stroll,ncf_accuracy,0.6322,0.0435,187
"archetypes (batch C, pooled over simulations)",Bakery & Bookshop Stroll,mapr_accuracy,0.6857,,187
"archetypes (batch C, pooled over simulations)",Bakery & Bookshop Stroll,tag_sim_accuracy,0.6836,,187
"archetypes (batch C, pooled over simulations)",Brews & Trails,ncf_accuracy,0.6317,0.0721,192
"archetypes (batch C, pooled over simulations)",Brews & Trails,mapr_accuracy,0.6906,,192
"archetypes (batch C, pooled over simulations)",Brews & Trails,tag_sim_accuracy,0.6552,,192
"archetypes (batch C, pooled over simulations)",Architecture Fan,ncf_accuracy,0.6312,0.0695,184
"archetypes (batch C, pooled over simulations)",Architecture Fan,mapr_accuracy,0.8447,,184
"archetypes (batch C, pooled over simulations)",Architecture Fan,tag_sim_accuracy,0.8906,,184
"archetypes (batch C, pooled over simulations)",Photographer,ncf_accuracy,0.6305,0.0546,191
"archetypes (batch C, pooled over simulations)",Photographer,mapr_accuracy,0.8218,,191
"archetypes (batch C, pooled over simulations)",Photographer,tag_sim_accuracy,0.8606,,191
"archetypes (batch C, pooled over simulations)",Luxury Traveler,ncf_accuracy,0.6298,0.0807,178
"archetypes (batch C, pooled over simulations)",Luxury Traveler,mapr_accuracy,0.7239,,178
"archetypes (batch C, pooled over simulations)",Luxury Traveler,tag_sim_accuracy,0.7436,,178
"archetypes (batch C, pooled over simulations)",Steakhouse Regular,ncf_accuracy,0.6283,0.1071,192
"archetypes (batch C, pooled over simulations)",Steakhouse Regular,mapr_accuracy,0.6902,,192
"archetypes (batch C, pooled over simulations)",Steakhouse Regular,tag_sim_accuracy,0.6956,,192
"archetypes (batch C, pooled over simulations)",Garden Lover,ncf_accuracy,0.6275,0.0758,175
"archetypes (batch C, pooled over simulations)",Garden Lover,mapr_accuracy,0.8243,,175
"archetypes (batch C, pooled over simulations)",Garden Lover,tag_sim_accuracy,0.8493,,175
"archetypes (batch C, pooled over simulations)",Bookworm,ncf_accuracy,0.6274,0.0695,167
"archetypes (batch C, pooled over simulations)",Bookworm,mapr_accuracy,0.7652,,167
"archetypes (batch C, pooled over simulations)",Bookworm,tag_sim_accuracy,0.8034,,167
"archetypes (batch C, pooled over simulations)",Seafood Lover,ncf_accuracy,0.6253,0.0892,171
"archetypes (batch C, pooled over simulations)",Seafood Lover,mapr_accuracy,0.6748,,171
"archetypes (batch C, pooled over simulations)",Seafood Lover,tag_sim_accuracy,0.7204,,171
"archetypes (batch C, pooled over simulations)",Korean Food Fan,ncf_accuracy,0.6251,0.1173,196
"archetypes (batch C, pooled over simulations)",Korean Food Fan,mapr_accuracy,0.7471,,196
"archetypes (batch C, pooled over simulations)",Korean Food Fan,tag_sim_accuracy,0.7385,,196
"archetypes (batch C, pooled over simulations)",Gallery & Brunch,ncf_accuracy,0.6241,0.0966,165
"archetypes (batch C, pooled over simulations)",Gallery & Brunch,mapr_accuracy,0.7191,,165
"archetypes (batch C, pooled over simulations)",Gallery & Brunch,tag_sim_accuracy,0.7184,,165
"archetypes (batch C, pooled over simulations)",Sandwich & Deli Fan,ncf_accuracy,0.6234,0.0794,180
"archetypes (batch C, pooled over simulations)",Sandwich & Deli Fan,mapr_accuracy,0.7211,,180
"archetypes (batch C, pooled over simulations)",Sandwich & Deli Fan,tag_sim_accuracy,0.6969,,180
"archetypes (batch C, pooled over simulations)",Active Sports Player,ncf_accuracy,0.6229,0.0813,176
"archetypes (batch C, pooled over simulations)",Active Sports Player,mapr_accuracy,0.8263,,176
"archetypes (batch C, pooled over simulations)",Active Sports Player,tag_sim_accuracy,0.88,,176
"archetypes (batch C, pooled over simulations)",Gallery Hopper,ncf_accuracy,0.6221,0.1088,169
"archetypes (batch C, pooled over simulations)",Gallery Hopper,mapr_accuracy,0.7409,,169
"archetypes (batch C, pooled over simulations)",Gallery Hopper,tag_sim_accuracy,0.7431,,169
"archetypes (batch C, pooled over simulations)",Student on a Budget,ncf_accuracy,0.621,0.0458,172
"archetypes (batch C, pooled over simulations)",Student on a Budget,mapr_accuracy,0.7216,,172
"archetypes (batch C, pooled over simulations)",Student on a Budget,tag_sim_accuracy,0.7302,,172
"archetypes (batch C, pooled over simulations)",Burger Tracker,ncf_accuracy,0.6207,0.0863,177
"archetypes (batch C, pooled over simulations)",Burger Tracker,mapr_accuracy,0.6887,,177
"archetypes (batch C, pooled over simulations)",Burger Tracker,tag_sim_accuracy,0.6641,,177
"archetypes (batch C, pooled over simulations)",Taco Hunter,ncf_accuracy,0.6198,0.0971,177
"archetypes (batch C, pooled over simulations)",Taco Hunter,mapr_accuracy,0.7242,,177
"archetypes (batch C, pooled over simulations)",Taco Hunter,tag_sim_accuracy,0.7075,,177
"archetypes (batch C, pooled over simulations)",Budget Backpacker,ncf_accuracy,0.6156,0.0418,170
"archetypes (batch C, pooled over simulations)",Budget Backpacker,mapr_accuracy,0.6662,,170
"archetypes (batch C, pooled over simulations)",Budget Backpacker,tag_sim_accuracy,0.6515,,170
"archetypes (batch C, pooled over simulations)",Sweet Tooth,ncf_accuracy,0.6149,0.0984,177
"archetypes (batch C, pooled over simulations)",Sweet Tooth,mapr_accuracy,0.677,,177
"archetypes (batch C, pooled over simulations)",Sweet Tooth,tag_sim_accuracy,0.6878,,177
"archetypes (batch C, pooled over simulations)",Italian Foodie,ncf_accuracy,0.614,0.0751,191
"archetypes (batch C, pooled over simulations)",Italian Foodie,mapr_accuracy,0.7253,,191
"archetypes (batch C, pooled over simulations)",Italian Foodie,tag_sim_accuracy,0.7355,,191
"archetypes (batch C, pooled over simulations)",Latin Night Out,ncf_accuracy,0.6135,0.0557,182
"archetypes (batch C, pooled over simulations)",Latin Night Out,mapr_accuracy,0.7144,,182
"archetypes (batch C, pooled over simulations)",Latin Night Out,tag_sim_accuracy,0.7147,,182
"archetypes (batch C, pooled over simulations)",Museum & Cafe,ncf_accuracy,0.6121,0.0729,195
"archetypes (batch C, pooled over simulations)",Museum & Cafe,mapr_accuracy,0.7861,,195
"archetypes (batch C, pooled over simulations)",Museum & Cafe,tag_sim_accuracy,0.8216,,195
"archetypes (batch C, pooled over simulations)",Accessibility-Minded Senior,ncf_accuracy,0.6118,0.0618,171
"archetypes (batch C, pooled over simulations)",Accessibility-Minded Senior,mapr_accuracy,0.7379,,171
"archetypes (batch C, pooled over simulations)",Accessibility-Minded Senior,tag_sim_accuracy,0.7421,,171
"archetypes (batch C, pooled over simulations)",Dog Owner,ncf_accuracy,0.6115,0.0774,188
"archetypes (batch C, pooled over simulations)",Dog Owner,mapr_accuracy,0.8089,,188
"archetypes (batch C, pooled over simulations)",Dog Owner,tag_sim_accuracy,0.8612,,188
"archetypes (batch C, pooled over simulations)",Caribbean Flavor,ncf_accuracy,0.6106,0.066,190
"archetypes (batch C, pooled over simulations)",Caribbean Flavor,mapr_accuracy,0.7117,,190
"archetypes (batch C, pooled over simulations)",Caribbean Flavor,tag_sim_accuracy,0.715,,190
"archetypes (batch C, pooled over simulations)",Hiker,ncf_accuracy,0.6105,0.0873,179
"archetypes (batch C, pooled over simulations)",Hiker,mapr_accuracy,0.8388,,179
"archetypes (batch C, pooled over simulations)",Hiker,tag_sim_accuracy,0.8699,,179
"archetypes (batch C, pooled over simulations)",Comfort Food American,ncf_accuracy,0.6103,0.0894,178
"archetypes (batch C, pooled over simulations)",Comfort Food American,mapr_accuracy,0.6819,,178
"archetypes (batch C, pooled over simulations)",Comfort Food American,tag_sim_accuracy,0.714,,178
"archetypes (batch C, pooled over simulations)",Latin Food Explorer,ncf_accuracy,0.6097,0.0652,187
"archetypes (batch C, pooled over simulations)",Latin Food Explorer,mapr_accuracy,0.714,,187
"archetypes (batch C, pooled over simulations)",Latin Food Explorer,tag_sim_accuracy,0.7099,,187
"archetypes (batch C, pooled over simulations)",Runner,ncf_accuracy,0.6041,0.0788,178
"archetypes (batch C, pooled over simulations)",Runner,mapr_accuracy,0.8137,,178
"archetypes (batch C, pooled over simulations)",Runner,tag_sim_accuracy,0.8618,,178
"archetypes (batch C, pooled over simulations)",Street Food Grazer,ncf_accuracy,0.6038,0.0609,179
"archetypes (batch C, pooled over simulations)",Street Food Grazer,mapr_accuracy,0.6421,,179
"archetypes (batch C, pooled over simulations)",Street Food Grazer,tag_sim_accuracy,0.6408,,179
"archetypes (batch C, pooled over simulations)",Birdwatcher,ncf_accuracy,0.6034,0.0722,177
"archetypes (batch C, pooled over simulations)",Birdwatcher,mapr_accuracy,0.8907,,177
"archetypes (batch C, pooled over simulations)",Birdwatcher,tag_sim_accuracy,0.9177,,177
"archetypes (batch C, pooled over simulations)",Pasta & Gelato Romantic,ncf_accuracy,0.6014,0.1088,167
"archetypes (batch C, pooled over simulations)",Pasta & Gelato Romantic,mapr_accuracy,0.67,,167
"archetypes (batch C, pooled over simulations)",Pasta & Gelato Romantic,tag_sim_accuracy,0.6604,,167
"archetypes (batch C, pooled over simulations)",Beach Vacationer,ncf_accuracy,0.6013,0.0836,190
"archetypes (batch C, pooled over simulations)",Beach Vacationer,mapr_accuracy,0.7792,,190
"archetypes (batch C, pooled over simulations)",Beach Vacationer,tag_sim_accuracy,0.7861,,190
"archetypes (batch C, pooled over simulations)",Park & Ice Cream,ncf_accuracy,0.6005,0.0702,173
"archetypes (batch C, pooled over simulations)",Park & Ice Cream,mapr_accuracy,0.8369,,173
"archetypes (batch C, pooled over simulations)",Park & Ice Cream,tag_sim_accuracy,0.8838,,173
"archetypes (batch C, pooled over simulations)",Road Tripper,ncf_accuracy,0.6005,0.0655,206
"archetypes (batch C, pooled over simulations)",Road Tripper,mapr_accuracy,0.6222,,206
"archetypes (batch C, pooled over simulations)",Road Tripper,tag_sim_accuracy,0.6492,,206
"archetypes (batch C, pooled over simulations)",Live Music & BBQ,ncf_accuracy,0.6002,0.1264,148
"archetypes (batch C, pooled over simulations)",Live Music & BBQ,mapr_accuracy,0.7176,,148
"archetypes (batch C, pooled over simulations)",Live Music & BBQ,tag_sim_accuracy,0.7176,,148
"archetypes (batch C, pooled over simulations)",Sushi Devotee,ncf_accuracy,0.5977,0.1136,187
"archetypes (batch C, pooled over simulations)",Sushi Devotee,mapr_accuracy,0.6863,,187
"archetypes (batch C, pooled over simulations)",Sushi Devotee,tag_sim_accuracy,0.6937,,187
"archetypes (batch C, pooled over simulations)",Club Hopper,ncf_accuracy,0.5952,0.1147,175
"archetypes (batch C, pooled over simulations)",Club Hopper,mapr_accuracy,0.7525,,175
"archetypes (batch C, pooled over simulations)",Club Hopper,tag_sim_accuracy,0.77,,175
"archetypes (batch C, pooled over simulations)",Foodie Historian,ncf_accuracy,0.5943,0.034,159
"archetypes (batch C, pooled over simulations)",Foodie Historian,mapr_accuracy,0.8,,159
"archetypes (batch C, pooled over simulations)",Foodie Historian,tag_sim_accuracy,0.8227,,159
"archetypes (batch C, pooled over simulations)",Spice Seeker,ncf_accuracy,0.5938,0.1748,170
"archetypes (batch C, pooled over simulations)",Spice Seeker,mapr_accuracy,0.7296,,170
"archetypes (batch C, pooled over simulations)",Spice Seeker,tag_sim_accuracy,0.7225,,170
"archetypes (batch C, pooled over simulations)",NYC Art Person,ncf_accuracy,0.5936,0.0974,186
"archetypes (batch C, pooled over simulations)",NYC Art Person,mapr_accuracy,0.8108,,186
"archetypes (batch C, pooled over simulations)",NYC Art Person,tag_sim_accuracy,0.8559,,186
"archetypes (batch C, pooled over simulations)",Thai Food Fan,ncf_accuracy,0.5934,0.0897,180
"archetypes (batch C, pooled over simulations)",Thai Food Fan,mapr_accuracy,0.699,,180
"archetypes (batch C, pooled over simulations)",Thai Food Fan,tag_sim_accuracy,0.7015,,180
"archetypes (batch C, pooled over simulations)",Sports Fan,ncf_accuracy,0.5928,0.0878,199
"archetypes (batch C, pooled over simulations)",Sports Fan,mapr_accuracy,0.745,,199
"archetypes (batch C, pooled over simulations)",Sports Fan,tag_sim_accuracy,0.7941,,199
"archetypes (batch C, pooled over simulations)",Family with Kids,ncf_accuracy,0.5909,0.0449,162
"archetypes (batch C, pooled over simulations)",Family with Kids,mapr_accuracy,0.8124,,162
"archetypes (batch C, pooled over simulations)",Family with Kids,tag_sim_accuracy,0.8497,,162
"archetypes (batch C, pooled over simulations)",Pho & Banh Mi Fan,ncf_accuracy,0.5874,0.1016,185
"archetypes (batch C, pooled over simulations)",Pho & Banh Mi Fan,mapr_accuracy,0.7365,,185
"archetypes (batch C, pooled over simulations)",Pho & Banh Mi Fan,tag_sim_accuracy,0.7087,,185
"archetypes (batch C, pooled over simulations)",Tech Pilgrim,ncf_accuracy,0.5857,0.1053,220
"archetypes (batch C, pooled over simulations)",Tech Pilgrim,mapr_accuracy,0.7462,,220
"archetypes (batch C, pooled over simulations)",Tech Pilgrim,tag_sim_accuracy,0.7533,,220
"archetypes (batch C, pooled over simulations)",Mediterranean Diet,ncf_accuracy,0.5819,0.0802,146
"archetypes (batch C, pooled over simulations)",Mediterranean Diet,mapr_accuracy,0.6685,,146
"archetypes (batch C, pooled over simulations)",Mediterranean Diet,tag_sim_accuracy,0.6533,,146
"archetypes (batch C, pooled over simulations)",Dim Sum Regular,ncf_accuracy,0.5768,0.0471,176
"archetypes (batch C, pooled over simulations)",Dim Sum Regular,mapr_accuracy,0.6451,,176
"archetypes (batch C, pooled over simulations)",Dim Sum Regular,tag_sim_accuracy,0.7167,,176
"archetypes (batch C, pooled over simulations)",Science Nerd,ncf_accuracy,0.576,0.1247,187
"archetypes (batch C, pooled over simulations)",Science Nerd,mapr_accuracy,0.8168,,187
"archetypes (batch C, pooled over simulations)",Science Nerd,tag_sim_accuracy,0.8569,,187
"archetypes (batch C, pooled over simulations)",Pizza Purist,ncf_accuracy,0.5736,0.0758,152
"archetypes (batch C, pooled over simulations)",Pizza Purist,mapr_accuracy,0.6891,,152
"archetypes (batch C, pooled over simulations)",Pizza Purist,tag_sim_accuracy,0.74,,152
"archetypes (batch C, pooled over simulations)",Teen Traveler,ncf_accuracy,0.5704,0.0795,188
"archetypes (batch C, pooled over simulations)",Teen Traveler,mapr_accuracy,0.7632,,188
"archetypes (batch C, pooled over simulations)",Teen Traveler,tag_sim_accuracy,0.7935,,188
"archetypes (batch C, pooled over simulations)",Science & Sushi,ncf_accuracy,0.5681,0.1073,197
"archetypes (batch C, pooled over simulations)",Science & Sushi,mapr_accuracy,0.7171,,197
"archetypes (batch C, pooled over simulations)",Science & Sushi,tag_sim_accuracy,0.776,,197
"archetypes (batch C, pooled over simulations)",Culture Vulture,ncf_accuracy,0.5644,0.1055,180
"archetypes (batch C, pooled over simulations)",Culture Vulture,mapr_accuracy,0.825,,180
"archetypes (batch C, pooled over simulations)",Culture Vulture,tag_sim_accuracy,0.9397,,180
"archetypes (batch C, pooled over simulations)",Museum Marathoner,ncf_accuracy,0.563,0.091,164
"archetypes (batch C, pooled over simulations)",Museum Marathoner,mapr_accuracy,0.7811,,164
"archetypes (batch C, pooled over simulations)",Museum Marathoner,tag_sim_accuracy,0.87,,164
"archetypes (batch C, pooled over simulations)",Sports Bar Fan,ncf_accuracy,0.5474,0.1339,168
"archetypes (batch C, pooled over simulations)",Sports Bar Fan,mapr_accuracy,0.6732,,168
"archetypes (batch C, pooled over simulations)",Sports Bar Fan,tag_sim_accuracy,0.7845,,168
"archetypes (batch C, pooled over simulations)",Generalist Explorer,ncf_accuracy,0.539,0.0739,150
"archetypes (batch C, pooled over simulations)",Generalist Explorer,mapr_accuracy,0.5519,,150
"archetypes (batch C, pooled over simulations)",Generalist Explorer,tag_sim_accuracy,0.5551,,150
"archetypes (batch C, pooled over simulations)",Indecisive Tourist,ncf_accuracy,0.5323,0.0457,180
"archetypes (batch C, pooled over simulations)",Indecisive Tourist,mapr_accuracy,0.5838,,180
"archetypes (batch C, pooled over simulations)",Indecisive Tourist,tag_sim_accuracy,0.5941,,180
"archetypes (batch C, pooled over simulations)",Theater Buff,ncf_accuracy,0.5189,0.0735,170
"archetypes (batch C, pooled over simulations)",Theater Buff,mapr_accuracy,0.7022,,170
"archetypes (batch C, pooled over simulations)",Theater Buff,tag_sim_accuracy,0.7652,,170
"archetypes (batch C, pooled over simulations)",Film & Entertainment Fan,ncf_accuracy,0.501,0.1144,188
"archetypes (batch C, pooled over simulations)",Film & Entertainment Fan,mapr_accuracy,0.7744,,188
"archetypes (batch C, pooled over simulations)",Film & Entertainment Fan,tag_sim_accuracy,0.8283,,188
most predictive taste features (lift),k:wine,lift,1.688,,8128
most predictive taste features (lift),k:cocktails,lift,1.586,,16361
most predictive taste features (lift),k:brewery,lift,1.516,,8428
most predictive taste features (lift),k:sports-bar,lift,1.49,,1705
most predictive taste features (lift),k:burgers,lift,1.468,,7925
most predictive taste features (lift),k:sandwiches,lift,1.45,,12138
most predictive taste features (lift),k:coffee,lift,1.447,,31450
most predictive taste features (lift),k:chicken,lift,1.442,,4746
most predictive taste features (lift),k:cheesesteak,lift,1.386,,2516
most predictive taste features (lift),k:gallery,lift,1.379,,3238
most predictive taste features (lift),k:bakery,lift,1.378,,20328
most predictive taste features (lift),k:breakfast,lift,1.362,,12205
most predictive taste features (lift),k:bar,lift,1.361,,70662
most predictive taste features (lift),k:caribbean,lift,1.357,,1040
most predictive taste features (lift),k:sweets,lift,1.349,,10970